FID,VolcanoNumber,VolcanoName,SO2_Kilotons,StartDate,EndDate,GeoLocation,Emission_ID
E3WebApp_Emissions.fid-285b36de_1728a7c6504_-4a58,211060,Etna,10,19790804,19790804,"14.999,37.748",4
E3WebApp_Emissions.fid-285b36de_1728a7c6504_-4a57,211060,Etna,70,19800902,19800906,"14.999,37.748",5
E3WebApp_Emissions.fid-285b36de_1728a7c6504_-4a56,211060,Etna,10,19861130,19861130,"14.999,37.748",6
E3WebApp_Emissions.fid-285b36de_1728a7c6504_-4a55,211060,Etna,37,19890919,19890919,"14.999,37.748",7
E3WebApp_Emissions.fid-285b36de_1728a7c6504_-4a54,211060,Etna,10,19900115,19900115,"14.999,37.748",8
E3WebApp_Emissions.fid-285b36de_1728a7c6504_-4a53,211060,Etna,10,20010725,20010725,"14.999,37.748",9
E3WebApp_Emissions.fid-285b36de_1728a7c6504_-4a52,211060,Etna,80,20021027,20021027,"14.999,37.748",10
E3WebApp_Emissions.fid-285b36de_1728a7c6504_-4a51,211060,Etna,9.3,20061116,20061121,"14.999,37.748",11
E3WebApp_Emissions.fid-285b36de_1728a7c6504_-4a50,211060,Etna,10.5,20070329,20070411,"14.999,37.748",12
E3WebApp_Emissions.fid-285b36de_1728a7c6504_-4a4f,211060,Etna,6,20070429,20070507,"14.999,37.748",13
E3WebApp_Emissions.fid-285b36de_1728a7c6504_-4a4e,211060,Etna,12,20070904,20070904,"14.999,37.748",14
E3WebApp_Emissions.fid-285b36de_1728a7c6504_-4a4d,211060,Etna,10,20071124,20071124,"14.999,37.748",15
E3WebApp_Emissions.fid-285b36de_1728a7c6504_-4a4c,211060,Etna,46.5,20080510,20080513,"14.999,37.748",16
E3WebApp_Emissions.fid-285b36de_1728a7c6504_-4a4b,211060,Etna,7,20110112,20110112,"14.999,37.748",17
E3WebApp_Emissions.fid-285b36de_1728a7c6504_-4a4a,211060,Etna,8,20110218,20110218,"14.999,37.748",18
E3WebApp_Emissions.fid-285b36de_1728a7c6504_-4a49,211060,Etna,5,20110410,20110410,"14.999,37.748",19
E3WebApp_Emissions.fid-285b36de_1728a7c6504_-4a48,211060,Etna,6,20110512,20110512,"14.999,37.748",20
E3WebApp_Emissions.fid-285b36de_1728a7c6504_-4a47,211060,Etna,52.7,20110709,20111023,"14.999,37.748",21
E3WebApp_Emissions.fid-285b36de_1728a7c6504_-4a46,211060,Etna,4.8,20111115,20111115,"14.999,37.748",22
E3WebApp_Emissions.fid-285b36de_1728a7c6504_-4a45,211060,Etna,6.5,20120105,20120105,"14.999,37.748",23
E3WebApp_Emissions.fid-285b36de_1728a7c6504_-4a44,211060,Etna,1.1,20120209,20120209,"14.999,37.748",24
E3WebApp_Emissions.fid-285b36de_1728a7c6504_-4a43,211060,Etna,31,20120304,20120424,"14.999,37.748",25
E3WebApp_Emissions.fid-285b36de_1728a7c6504_-4a42,211060,Etna,5,20130228,20130228,"14.999,37.748",26
E3WebApp_Emissions.fid-285b36de_1728a7c6504_-4a41,211060,Etna,7,20130427,20130427,"14.999,37.748",27
E3WebApp_Emissions.fid-285b36de_1728a7c6504_-4a40,211060,Etna,10,20131026,20131026,"14.999,37.748",28
E3WebApp_Emissions.fid-285b36de_1728a7c6504_-4a3f,211060,Etna,40,20131117,20131230,"14.999,37.748",29
E3WebApp_Emissions.fid-285b36de_1728a7c6504_-4a3e,211060,Etna,25,20151203,20151203,"14.999,37.748",30
E3WebApp_Emissions.fid-285b36de_1728a7c6504_-4a3d,221010,"Tair, Jebel at",80,20070930,20070930,"41.83,15.55",31
E3WebApp_Emissions.fid-285b36de_1728a7c6504_-4a3c,221020,Zubair Group,1,20111218,20111218,"42.18,15.05",32
E3WebApp_Emissions.fid-285b36de_1728a7c6504_-4a3b,221060,Alu-Dalafilla,150,20081103,20081103,"40.553,13.793",33
E3WebApp_Emissions.fid-285b36de_1728a7c6504_-4a3a,221101,Nabro,3650,20110613,20110613,"41.7,13.37",34
E3WebApp_Emissions.fid-285b36de_1728a7c6504_-4a39,221115,Manda Hararo,26,20070812,20070812,"40.82,12.17",35
E3WebApp_Emissions.fid-285b36de_1728a7c6504_-4a38,221115,Manda Hararo,34,20090629,20090629,"40.82,12.17",36
E3WebApp_Emissions.fid-285b36de_1728a7c6504_-4a37,223020,Nyamuragira,884,19800131,19800131,"29.2,-1.408",37
E3WebApp_Emissions.fid-285b36de_1728a7c6504_-4a36,223020,Nyamuragira,4122,19811225,19811225,"29.2,-1.408",38
E3WebApp_Emissions.fid-285b36de_1728a7c6504_-4a35,223020,Nyamuragira,1384,19840223,19840223,"29.2,-1.408",39
E3WebApp_Emissions.fid-285b36de_1728a7c6504_-4a34,223020,Nyamuragira,983,19860716,19860716,"29.2,-1.408",40
E3WebApp_Emissions.fid-285b36de_1728a7c6504_-4a33,223020,Nyamuragira,28,19871231,19871231,"29.2,-1.408",41
E3WebApp_Emissions.fid-285b36de_1728a7c6504_-4a32,223020,Nyamuragira,2105,19890424,19890424,"29.2,-1.408",42
E3WebApp_Emissions.fid-285b36de_1728a7c6504_-4a31,223020,Nyamuragira,858,19910922,19910922,"29.2,-1.408",43
E3WebApp_Emissions.fid-285b36de_1728a7c6504_-4a30,223020,Nyamuragira,1514,19940705,19940705,"29.2,-1.408",44
E3WebApp_Emissions.fid-285b36de_1728a7c6504_-4a2f,223020,Nyamuragira,887,19961201,19961201,"29.2,-1.408",45
E3WebApp_Emissions.fid-285b36de_1728a7c6504_-4a2e,223020,Nyamuragira,2513,19981017,19981017,"29.2,-1.408",46
E3WebApp_Emissions.fid-285b36de_1728a7c6504_-4a2d,223020,Nyamuragira,317,20000128,20000128,"29.2,-1.408",47
E3WebApp_Emissions.fid-285b36de_1728a7c6504_-4a2c,223020,Nyamuragira,1651,20010206,20010206,"29.2,-1.408",48
E3WebApp_Emissions.fid-285b36de_1728a7c6504_-4a2b,223020,Nyamuragira,2321,20020725,20020725,"29.2,-1.408",49
E3WebApp_Emissions.fid-285b36de_1728a7c6504_-4a2a,223020,Nyamuragira,2587,20040508,20040508,"29.2,-1.408",50
E3WebApp_Emissions.fid-285b36de_1728a7c6504_-4a29,223020,Nyamuragira,675,20061127,20061127,"29.2,-1.408",51
E3WebApp_Emissions.fid-285b36de_1728a7c6504_-4a28,223020,Nyamuragira,601,20100102,20100102,"29.2,-1.408",52
E3WebApp_Emissions.fid-285b36de_1728a7c6504_-4a27,223020,Nyamuragira,1719,20111107,20111107,"29.2,-1.408",53
E3WebApp_Emissions.fid-285b36de_1728a7c6504_-4a26,223030,Nyiragongo,30,20020117,20020117,"29.25,-1.52",54
E3WebApp_Emissions.fid-285b36de_1728a7c6504_-4a25,224010,Cameroon,3,19821018,19821018,"9.17,4.203",55
E3WebApp_Emissions.fid-285b36de_1728a7c6504_-4a24,224010,Cameroon,45,19990330,19990330,"9.17,4.203",56
E3WebApp_Emissions.fid-285b36de_1728a7c6504_-4a23,233010,Karthala,10,20050417,20050417,"43.38,-11.75",57
E3WebApp_Emissions.fid-285b36de_1728a7c6504_-4a22,233010,Karthala,20,20051124,20051124,"43.38,-11.75",58
E3WebApp_Emissions.fid-285b36de_1728a7c6504_-4a21,233010,Karthala,10,20060528,20060528,"43.38,-11.75",59
E3WebApp_Emissions.fid-285b36de_1728a7c6504_-4a20,233010,Karthala,0.6,20070112,20070112,"43.38,-11.75",60
E3WebApp_Emissions.fid-285b36de_1728a7c6504_-4a1f,233020,"Fournaise, Piton de la",4,20021117,20021117,"55.708,-21.244",61
E3WebApp_Emissions.fid-285b36de_1728a7c6504_-4a1e,233020,"Fournaise, Piton de la",0.5,20041002,20041002,"55.708,-21.244",62
E3WebApp_Emissions.fid-285b36de_1728a7c6504_-4a1d,233020,"Fournaise, Piton de la",10,20050226,20050226,"55.708,-21.244",63
E3WebApp_Emissions.fid-285b36de_1728a7c6504_-4a1c,233020,"Fournaise, Piton de la",15,20051227,20051227,"55.708,-21.244",64
E3WebApp_Emissions.fid-285b36de_1728a7c6504_-4a1b,233020,"Fournaise, Piton de la",1,20060831,20060831,"55.708,-21.244",65
E3WebApp_Emissions.fid-285b36de_1728a7c6504_-4a1a,233020,"Fournaise, Piton de la",300,20070403,20070403,"55.708,-21.244",66
E3WebApp_Emissions.fid-285b36de_1728a7c6504_-4a19,233020,"Fournaise, Piton de la",1,20100111,20100111,"55.708,-21.244",67
E3WebApp_Emissions.fid-285b36de_1728a7c6504_-4a18,233020,"Fournaise, Piton de la",1,20101015,20101015,"55.708,-21.244",68
E3WebApp_Emissions.fid-285b36de_1728a7c6504_-4a17,233020,"Fournaise, Piton de la",1,20140621,20140621,"55.708,-21.244",69
E3WebApp_Emissions.fid-285b36de_1728a7c6504_-4a16,233020,"Fournaise, Piton de la",3,20150204,20150204,"55.708,-21.244",70
E3WebApp_Emissions.fid-285b36de_1728a7c6504_-4a15,233020,"Fournaise, Piton de la",2,20150518,20150518,"55.708,-21.244",71
E3WebApp_Emissions.fid-285b36de_1728a7c6504_-4a14,233020,"Fournaise, Piton de la",2,20150731,20150731,"55.708,-21.244",72
E3WebApp_Emissions.fid-285b36de_1728a7c6504_-4a13,233020,"Fournaise, Piton de la",2,20150825,20150825,"55.708,-21.244",73
E3WebApp_Emissions.fid-285b36de_1728a7c6504_-4a12,234010,Heard,10,19850114,19850114,"73.513,-53.106",74
E3WebApp_Emissions.fid-285b36de_1728a7c6504_-4a11,241080,Tongariro,1,20120806,20120806,"175.632,-39.157",75
E3WebApp_Emissions.fid-285b36de_1728a7c6504_-4a10,241100,Ruapehu,80,19960617,19960617,"175.57,-39.28",76
E3WebApp_Emissions.fid-285b36de_1728a7c6504_-4a0f,241100,Ruapehu,10,19960720,19960720,"175.57,-39.28",77
E3WebApp_Emissions.fid-285b36de_1728a7c6504_-4a0e,243040,Hunga Tonga-Hunga Ha'apai,14,20141224,20141224,"-175.382,-20.536",78
E3WebApp_Emissions.fid-285b36de_1728a7c6504_-4a0d,243080,Home Reef,25,20060808,20060808,"-174.775,-18.992",79
E3WebApp_Emissions.fid-285b36de_1728a7c6504_-4a0c,251020,Manam,3,19970208,19970208,"145.037,-4.08",80
E3WebApp_Emissions.fid-285b36de_1728a7c6504_-4a0b,251020,Manam,17,19981005,19981005,"145.037,-4.08",81
E3WebApp_Emissions.fid-285b36de_1728a7c6504_-4a0a,251020,Manam,10,20020519,20020519,"145.037,-4.08",82
E3WebApp_Emissions.fid-285b36de_1728a7c6504_-4a09,251020,Manam,152,20041024,20041127,"145.037,-4.08",83
E3WebApp_Emissions.fid-285b36de_1728a7c6504_-4a08,251020,Manam,38,20041220,20041220,"145.037,-4.08",84
E3WebApp_Emissions.fid-285b36de_1728a7c6504_-4a07,251020,Manam,140,20050128,20050128,"145.037,-4.08",85
E3WebApp_Emissions.fid-285b36de_1728a7c6504_-4a06,251020,Manam,50,20060227,20060227,"145.037,-4.08",86
E3WebApp_Emissions.fid-285b36de_1728a7c6504_-4a05,251020,Manam,10,20130413,20130413,"145.037,-4.08",87
E3WebApp_Emissions.fid-285b36de_1728a7c6504_-4a04,251020,Manam,50,20150731,20150731,"145.037,-4.08",88
E3WebApp_Emissions.fid-285b36de_1728a7c6504_-4a03,251030,Karkar,50,19790308,19790308,"145.964,-4.649",89
E3WebApp_Emissions.fid-285b36de_1728a7c6504_-4a02,252070,Krummel-Garbuna-Welcker,1,20071111,20071111,"150.027,-5.416",90
E3WebApp_Emissions.fid-285b36de_1728a7c6504_-4a01,252120,Ulawun,200,19801007,19801007,"151.33,-5.05",91
E3WebApp_Emissions.fid-285b36de_1728a7c6504_-4a00,252120,Ulawun,70,19851120,19851120,"151.33,-5.05",92
E3WebApp_Emissions.fid-285b36de_1728a7c6504_-49ff,252120,Ulawun,37,20000928,20000928,"151.33,-5.05",93
E3WebApp_Emissions.fid-285b36de_1728a7c6504_-49fe,252120,Ulawun,30,20010430,20010430,"151.33,-5.05",94
E3WebApp_Emissions.fid-285b36de_1728a7c6504_-49fd,252120,Ulawun,10,20020827,20020827,"151.33,-5.05",95
E3WebApp_Emissions.fid-285b36de_1728a7c6504_-49fc,252140,Rabaul,200,19940919,19940919,"152.203,-4.271",96
E3WebApp_Emissions.fid-285b36de_1728a7c6504_-49fb,252140,Rabaul,300,20061007,20061007,"152.203,-4.271",97
E3WebApp_Emissions.fid-285b36de_1728a7c6504_-49fa,252140,Rabaul,31,20140829,20140829,"152.203,-4.271",98
E3WebApp_Emissions.fid-285b36de_1728a7c6504_-49f9,256010,Tinakula,2,20060212,20060212,"165.804,-10.386",99
E3WebApp_Emissions.fid-285b36de_1728a7c6504_-49f8,257040,Ambrym,87,19781205,19781205,"168.12,-16.25",100
E3WebApp_Emissions.fid-285b36de_1728a7c6504_-49f7,257040,Ambrym,10,19861115,19861115,"168.12,-16.25",101
E3WebApp_Emissions.fid-285b36de_1728a7c6504_-49f6,257040,Ambrym,25,19890424,19890424,"168.12,-16.25",102
E3WebApp_Emissions.fid-285b36de_1728a7c6504_-49f5,257040,Ambrym,20,20150221,20150221,"168.12,-16.25",103
E3WebApp_Emissions.fid-285b36de_1728a7c6504_-49f4,257050,Lopevi,38,19800818,19800818,"168.346,-16.507",104
E3WebApp_Emissions.fid-285b36de_1728a7c6504_-49f3,257050,Lopevi,27,19821025,19821025,"168.346,-16.507",105
E3WebApp_Emissions.fid-285b36de_1728a7c6504_-49f2,257050,Lopevi,50,20030609,20030609,"168.346,-16.507",106
E3WebApp_Emissions.fid-285b36de_1728a7c6504_-49f1,257050,Lopevi,22,20040928,20040928,"168.346,-16.507",107
E3WebApp_Emissions.fid-285b36de_1728a7c6504_-49f0,257050,Lopevi,12,20070420,20070420,"168.346,-16.507",108
E3WebApp_Emissions.fid-285b36de_1728a7c6504_-49ef,260010,Barren Island,0.2,20060405,20060405,"93.858,12.278",109
E3WebApp_Emissions.fid-285b36de_1728a7c6504_-49ee,261080,Sinabung,20,20140111,20140111,"98.392,3.17",110
E3WebApp_Emissions.fid-285b36de_1728a7c6504_-49ed,261160,Talang,1,20050412,20050412,"100.681,-0.979",111
E3WebApp_Emissions.fid-285b36de_1728a7c6504_-49ec,263100,Papandayan,7,20021113,20021113,"107.73,-7.32",112
E3WebApp_Emissions.fid-285b36de_1728a7c6504_-49eb,263140,Galunggung,730,19820405,19820603,"108.058,-7.25",113
E3WebApp_Emissions.fid-285b36de_1728a7c6504_-49ea,263140,Galunggung,430,19820624,19820624,"108.058,-7.25",114
E3WebApp_Emissions.fid-285b36de_1728a7c6504_-49e9,263140,Galunggung,440,19820713,19820717,"108.058,-7.25",115
E3WebApp_Emissions.fid-285b36de_1728a7c6504_-49e8,263140,Galunggung,130,19820815,19820918,"108.058,-7.25",116
E3WebApp_Emissions.fid-285b36de_1728a7c6504_-49e7,263250,Merapi,10,20060615,20060615,"110.446,-7.54",117
E3WebApp_Emissions.fid-285b36de_1728a7c6504_-49e6,263250,Merapi,300,20101104,20101104,"110.446,-7.54",118
E3WebApp_Emissions.fid-285b36de_1728a7c6504_-49e5,263280,Kelut,150,19900211,19900211,"112.308,-7.93",119
E3WebApp_Emissions.fid-285b36de_1728a7c6504_-49e4,263280,Kelut,200,20140213,20140213,"112.308,-7.93",120
E3WebApp_Emissions.fid-285b36de_1728a7c6504_-49e3,263310,Tengger Caldera,31,20040609,20040609,"112.95,-7.942",121
E3WebApp_Emissions.fid-285b36de_1728a7c6504_-49e2,263310,Tengger Caldera,5,20101129,20101129,"112.95,-7.942",122
E3WebApp_Emissions.fid-285b36de_1728a7c6504_-49e1,263310,Tengger Caldera,12,20101220,20101226,"112.95,-7.942",123
E3WebApp_Emissions.fid-285b36de_1728a7c6504_-49e0,263310,Tengger Caldera,24,20110128,20110212,"112.95,-7.942",124
E3WebApp_Emissions.fid-285b36de_1728a7c6504_-49df,264030,Rinjani,10,19940603,19940603,"116.47,-8.42",125
E3WebApp_Emissions.fid-285b36de_1728a7c6504_-49de,264050,Sangeang Api,100,20140530,20140530,"119.07,-8.2",126
E3WebApp_Emissions.fid-285b36de_1728a7c6504_-49dd,264150,Paluweh,40,20130202,20130202,"121.708,-8.32",127
E3WebApp_Emissions.fid-285b36de_1728a7c6504_-49dc,265090,Banda Api,250,19880509,19880509,"129.881,-4.523",128
E3WebApp_Emissions.fid-285b36de_1728a7c6504_-49db,266010,Colo,200,19830724,19830724,"121.601,-0.162",129
E3WebApp_Emissions.fid-285b36de_1728a7c6504_-49da,266030,Soputan,90,19820827,19820827,"124.737,1.112",130
E3WebApp_Emissions.fid-285b36de_1728a7c6504_-49d9,266030,Soputan,13,19821110,19821110,"124.737,1.112",131
E3WebApp_Emissions.fid-285b36de_1728a7c6504_-49d8,266030,Soputan,166,19840524,19840524,"124.737,1.112",132
E3WebApp_Emissions.fid-285b36de_1728a7c6504_-49d7,266030,Soputan,26,19840831,19840831,"124.737,1.112",133
E3WebApp_Emissions.fid-285b36de_1728a7c6504_-49d6,266030,Soputan,12,19850520,19850520,"124.737,1.112",134
E3WebApp_Emissions.fid-285b36de_1728a7c6504_-49d5,266030,Soputan,16,20030901,20030901,"124.737,1.112",135
E3WebApp_Emissions.fid-285b36de_1728a7c6504_-49d4,266030,Soputan,10,20041018,20041018,"124.737,1.112",136
E3WebApp_Emissions.fid-285b36de_1728a7c6504_-49d3,266030,Soputan,15,20041213,20041213,"124.737,1.112",137
E3WebApp_Emissions.fid-285b36de_1728a7c6504_-49d2,266030,Soputan,1.5,20050420,20050420,"124.737,1.112",138
E3WebApp_Emissions.fid-285b36de_1728a7c6504_-49d1,266030,Soputan,5,20051227,20051227,"124.737,1.112",139
E3WebApp_Emissions.fid-285b36de_1728a7c6504_-49d0,266030,Soputan,10,20061214,20061214,"124.737,1.112",140
E3WebApp_Emissions.fid-285b36de_1728a7c6504_-49cf,266030,Soputan,5,20070814,20070814,"124.737,1.112",141
E3WebApp_Emissions.fid-285b36de_1728a7c6504_-49ce,266030,Soputan,12,20071025,20071025,"124.737,1.112",142
E3WebApp_Emissions.fid-285b36de_1728a7c6504_-49cd,266030,Soputan,33,20080606,20080606,"124.737,1.112",143
E3WebApp_Emissions.fid-285b36de_1728a7c6504_-49cc,266030,Soputan,16,20081006,20081006,"124.737,1.112",144
E3WebApp_Emissions.fid-285b36de_1728a7c6504_-49cb,266030,Soputan,10,20110703,20110703,"124.737,1.112",145
E3WebApp_Emissions.fid-285b36de_1728a7c6504_-49ca,266030,Soputan,2,20110814,20110814,"124.737,1.112",146
E3WebApp_Emissions.fid-285b36de_1728a7c6504_-49c9,266030,Soputan,2,20120827,20120827,"124.737,1.112",147
E3WebApp_Emissions.fid-285b36de_1728a7c6504_-49c8,266030,Soputan,10,20120918,20120918,"124.737,1.112",148
E3WebApp_Emissions.fid-285b36de_1728a7c6504_-49c7,266030,Soputan,2,20150202,20150202,"124.737,1.112",149
E3WebApp_Emissions.fid-285b36de_1728a7c6504_-49c6,266030,Soputan,3,20160105,20160105,"124.737,1.112",150
E3WebApp_Emissions.fid-285b36de_1728a7c6504_-49c5,266030,Soputan,5,20160206,20160206,"124.737,1.112",151
E3WebApp_Emissions.fid-285b36de_1728a7c6504_-49c4,266100,Lokon-Empung,20,19911025,19911025,"124.792,1.358",152
E3WebApp_Emissions.fid-285b36de_1728a7c6504_-49c3,267010,Ruang,80,20020926,20020926,"125.37,2.3",153
E3WebApp_Emissions.fid-285b36de_1728a7c6504_-49c2,268040,Gamkonora,1,20070709,20070709,"127.53,1.38",154
E3WebApp_Emissions.fid-285b36de_1728a7c6504_-49c1,268060,Gamalama,5,20030731,20030731,"127.33,0.8",155
E3WebApp_Emissions.fid-285b36de_1728a7c6504_-49c0,268060,Gamalama,8,20111204,20111204,"127.33,0.8",156
E3WebApp_Emissions.fid-285b36de_1728a7c6504_-49bf,268070,Makian,50,19880729,19880729,"127.4,0.32",157
E3WebApp_Emissions.fid-285b36de_1728a7c6504_-49be,272020,Kanlaon,10,19850314,19850314,"123.132,10.412",158
E3WebApp_Emissions.fid-285b36de_1728a7c6504_-49bd,273010,Bulusan,1,20060321,20060321,"124.056,12.769",159
E3WebApp_Emissions.fid-285b36de_1728a7c6504_-49bc,273010,Bulusan,0.5,20070408,20070408,"124.056,12.769",160
E3WebApp_Emissions.fid-285b36de_1728a7c6504_-49bb,273010,Bulusan,1,20070512,20070512,"124.056,12.769",161
E3WebApp_Emissions.fid-285b36de_1728a7c6504_-49ba,273010,Bulusan,1,20070731,20070731,"124.056,12.769",162
E3WebApp_Emissions.fid-285b36de_1728a7c6504_-49b9,273010,Bulusan,1.2,20110221,20110221,"124.056,12.769",163
E3WebApp_Emissions.fid-285b36de_1728a7c6504_-49b8,273030,Mayon,50,19840913,19840913,"123.685,13.257",164
E3WebApp_Emissions.fid-285b36de_1728a7c6504_-49b7,273083,Pinatubo,18194,19910613,19910615,"120.35,15.13",165
E3WebApp_Emissions.fid-285b36de_1728a7c6504_-49b6,282050,Kuchinoerabujima,4,20150529,20150529,"130.217,30.443",166
E3WebApp_Emissions.fid-285b36de_1728a7c6504_-49b5,282090,Kirishimayama,30,20110126,20110126,"130.862,31.934",167
E3WebApp_Emissions.fid-285b36de_1728a7c6504_-49b4,283040,Ontakesan,1,20140927,20140927,"137.48,35.893",168
E3WebApp_Emissions.fid-285b36de_1728a7c6504_-49b3,283110,Asamayama,101,20040901,20040915,"138.523,36.406",169
E3WebApp_Emissions.fid-285b36de_1728a7c6504_-49b2,284010,Izu-Oshima,22,19861119,19861119,"139.394,34.724",170
E3WebApp_Emissions.fid-285b36de_1728a7c6504_-49b1,284040,Miyakejima,64,20000818,20000828,"139.526,34.094",171
E3WebApp_Emissions.fid-285b36de_1728a7c6504_-49b0,284170,Pagan,320,19810515,19810515,"145.8,18.13",172
E3WebApp_Emissions.fid-285b36de_1728a7c6504_-49af,284200,Anatahan,494,20030511,20030613,"145.67,16.35",173
E3WebApp_Emissions.fid-285b36de_1728a7c6504_-49ae,284200,Anatahan,2324.2,20050405,20050903,"145.67,16.35",174
E3WebApp_Emissions.fid-285b36de_1728a7c6504_-49ad,290240,Sarychev Peak,1200,20090615,20090615,"153.2,48.092",175
E3WebApp_Emissions.fid-285b36de_1728a7c6504_-49ac,290360,Chikurachki,750,19861120,19861202,"155.461,50.324",176
E3WebApp_Emissions.fid-285b36de_1728a7c6504_-49ab,290360,Chikurachki,5,20050312,20050312,"155.461,50.324",177
E3WebApp_Emissions.fid-285b36de_1728a7c6504_-49aa,290360,Chikurachki,30,20070304,20070304,"155.461,50.324",178
E3WebApp_Emissions.fid-285b36de_1728a7c6504_-49a9,290360,Chikurachki,20,20070819,20070819,"155.461,50.324",179
E3WebApp_Emissions.fid-285b36de_1728a7c6504_-49a8,290360,Chikurachki,20,20080718,20080718,"155.461,50.324",180
E3WebApp_Emissions.fid-285b36de_1728a7c6504_-49a7,290360,Chikurachki,5,20150216,20150216,"155.461,50.324",181
E3WebApp_Emissions.fid-285b36de_1728a7c6504_-49a6,290360,Chikurachki,4,20160330,20160330,"155.461,50.324",182
E3WebApp_Emissions.fid-285b36de_1728a7c6504_-49a5,290390,Alaid,1110,19810427,19810508,"155.565,50.861",183
E3WebApp_Emissions.fid-285b36de_1728a7c6504_-49a4,300090,Koryaksky,2,20090816,20090816,"158.712,53.321",184
E3WebApp_Emissions.fid-285b36de_1728a7c6504_-49a3,300120,Zhupanovsky,227,20140606,20140606,"159.15,53.589",185
E3WebApp_Emissions.fid-285b36de_1728a7c6504_-49a2,300120,Zhupanovsky,10,20150712,20150712,"159.15,53.589",186
E3WebApp_Emissions.fid-285b36de_1728a7c6504_-49a1,300230,Kizimen,37,20101213,20101213,"160.32,55.131",187
E3WebApp_Emissions.fid-285b36de_1728a7c6504_-49a0,300230,Kizimen,23,20110101,20110101,"160.32,55.131",188
E3WebApp_Emissions.fid-285b36de_1728a7c6504_-499f,300240,Tolbachik,200,20121127,20121127,"160.326,55.832",189
E3WebApp_Emissions.fid-285b36de_1728a7c6504_-499e,300250,Bezymianny,10,19810613,19810613,"160.595,55.972",190
E3WebApp_Emissions.fid-285b36de_1728a7c6504_-499d,300250,Bezymianny,10,19841013,19841013,"160.595,55.972",191
E3WebApp_Emissions.fid-285b36de_1728a7c6504_-499c,300250,Bezymianny,10,19850701,19850701,"160.595,55.972",192
E3WebApp_Emissions.fid-285b36de_1728a7c6504_-499b,300250,Bezymianny,2,20030726,20030726,"160.595,55.972",193
E3WebApp_Emissions.fid-285b36de_1728a7c6504_-499a,300250,Bezymianny,1,20040114,20040114,"160.595,55.972",194
E3WebApp_Emissions.fid-285b36de_1728a7c6504_-4999,300250,Bezymianny,1,20040619,20040619,"160.595,55.972",195
E3WebApp_Emissions.fid-285b36de_1728a7c6504_-4998,300250,Bezymianny,5,20060509,20060509,"160.595,55.972",196
E3WebApp_Emissions.fid-285b36de_1728a7c6504_-4997,300250,Bezymianny,5,20071015,20071015,"160.595,55.972",197
E3WebApp_Emissions.fid-285b36de_1728a7c6504_-4996,300250,Bezymianny,1,20091217,20091217,"160.595,55.972",198
E3WebApp_Emissions.fid-285b36de_1728a7c6504_-4995,300250,Bezymianny,3,20120901,20120901,"160.595,55.972",199
E3WebApp_Emissions.fid-285b36de_1728a7c6504_-4994,300260,Klyuchevskoy,10,19870219,19870219,"160.642,56.056",200
E3WebApp_Emissions.fid-285b36de_1728a7c6504_-4993,300260,Klyuchevskoy,10,19900130,19900130,"160.642,56.056",201
E3WebApp_Emissions.fid-285b36de_1728a7c6504_-4992,300260,Klyuchevskoy,150,19941001,19941001,"160.642,56.056",202
E3WebApp_Emissions.fid-285b36de_1728a7c6504_-4991,300260,Klyuchevskoy,176,20070430,20070715,"160.642,56.056",203
E3WebApp_Emissions.fid-285b36de_1728a7c6504_-4990,300260,Klyuchevskoy,55,20131013,20131020,"160.642,56.056",204
E3WebApp_Emissions.fid-285b36de_1728a7c6504_-498f,300260,Klyuchevskoy,2,20131119,20131119,"160.642,56.056",205
E3WebApp_Emissions.fid-285b36de_1728a7c6504_-498e,300270,Sheveluch,1,20040510,20040510,"161.36,56.653",206
E3WebApp_Emissions.fid-285b36de_1728a7c6504_-498d,300270,Sheveluch,11,20101027,20101027,"161.36,56.653",207
E3WebApp_Emissions.fid-285b36de_1728a7c6504_-498c,300270,Sheveluch,5,20140924,20140924,"161.36,56.653",208
E3WebApp_Emissions.fid-285b36de_1728a7c6504_-498b,300270,Sheveluch,15,20150224,20150316,"161.36,56.653",209
E3WebApp_Emissions.fid-285b36de_1728a7c6504_-498a,311130,Kasatochi,2000,20080807,20080807,"-175.508,52.177",210
E3WebApp_Emissions.fid-285b36de_1728a7c6504_-4989,311240,Cleveland,6,20010219,20010219,"-169.944,52.825",211
E3WebApp_Emissions.fid-285b36de_1728a7c6504_-4988,311240,Cleveland,0.13,20060523,20060523,"-169.944,52.825",212
E3WebApp_Emissions.fid-285b36de_1728a7c6504_-4987,311240,Cleveland,1,20130505,20130505,"-169.944,52.825",213
E3WebApp_Emissions.fid-285b36de_1728a7c6504_-4986,311290,Okmok,150,20080712,20080712,"-168.13,53.43",214
E3WebApp_Emissions.fid-285b36de_1728a7c6504_-4985,311310,Makushin,10,19800501,19800501,"-166.923,53.891",215
E3WebApp_Emissions.fid-285b36de_1728a7c6504_-4984,311360,Shishaldin,63,19990419,19990419,"-163.97,54.756",216
E3WebApp_Emissions.fid-285b36de_1728a7c6504_-4983,312030,Pavlof,50,19831115,19831115,"-161.894,55.417",217
E3WebApp_Emissions.fid-285b36de_1728a7c6504_-4982,312030,Pavlof,70,19860419,19860419,"-161.894,55.417",218
E3WebApp_Emissions.fid-285b36de_1728a7c6504_-4981,312030,Pavlof,5,20130625,20130625,"-161.894,55.417",219
E3WebApp_Emissions.fid-285b36de_1728a7c6504_-4980,312030,Pavlof,10,20140603,20140603,"-161.894,55.417",220
E3WebApp_Emissions.fid-285b36de_1728a7c6504_-497f,312030,Pavlof,46,20141115,20141115,"-161.894,55.417",221
E3WebApp_Emissions.fid-285b36de_1728a7c6504_-497e,312030,Pavlof,20,20160327,20160327,"-161.894,55.417",222
E3WebApp_Emissions.fid-285b36de_1728a7c6504_-497d,312070,Veniaminof,5,20130812,20130812,"-159.38,56.17",223
E3WebApp_Emissions.fid-285b36de_1728a7c6504_-497c,312260,Fourpeaked,1,20060917,20060917,"-153.672,58.77",224
E3WebApp_Emissions.fid-285b36de_1728a7c6504_-497b,313010,Augustine,20,19860327,19860327,"-153.43,59.363",225
E3WebApp_Emissions.fid-285b36de_1728a7c6504_-497a,313010,Augustine,10,20060129,20060129,"-153.43,59.363",226
E3WebApp_Emissions.fid-285b36de_1728a7c6504_-4979,313030,Redoubt,140,19891215,19891215,"-152.742,60.485",227
E3WebApp_Emissions.fid-285b36de_1728a7c6504_-4978,313030,Redoubt,16,19900309,19900309,"-152.742,60.485",228
E3WebApp_Emissions.fid-285b36de_1728a7c6504_-4977,313030,Redoubt,159,20090323,20090404,"-152.742,60.485",229
E3WebApp_Emissions.fid-285b36de_1728a7c6504_-4976,313040,Spurr,250,19920627,19920627,"-152.251,61.299",230
E3WebApp_Emissions.fid-285b36de_1728a7c6504_-4975,313040,Spurr,300,19920818,19920818,"-152.251,61.299",231
E3WebApp_Emissions.fid-285b36de_1728a7c6504_-4974,313040,Spurr,250,19920917,19920917,"-152.251,61.299",232
E3WebApp_Emissions.fid-285b36de_1728a7c6504_-4973,321050,St. Helens,875,19800518,19800525,"-122.18,46.2",233
E3WebApp_Emissions.fid-285b36de_1728a7c6504_-4972,321050,St. Helens,35,19800613,19800613,"-122.18,46.2",234
E3WebApp_Emissions.fid-285b36de_1728a7c6504_-4971,332010,Kilauea,1,19830329,19830329,"-155.287,19.421",235
E3WebApp_Emissions.fid-285b36de_1728a7c6504_-4970,332010,Kilauea,5.5,19830703,19830703,"-155.287,19.421",236
E3WebApp_Emissions.fid-285b36de_1728a7c6504_-496f,332010,Kilauea,11,19830721,19830721,"-155.287,19.421",237
E3WebApp_Emissions.fid-285b36de_1728a7c6504_-496e,332010,Kilauea,12.6,19830906,19830915,"-155.287,19.421",238
E3WebApp_Emissions.fid-285b36de_1728a7c6504_-496d,332010,Kilauea,11.6,19831005,19831005,"-155.287,19.421",239
E3WebApp_Emissions.fid-285b36de_1728a7c6504_-496c,332010,Kilauea,31.8,19831105,19831105,"-155.287,19.421",240
E3WebApp_Emissions.fid-285b36de_1728a7c6504_-496b,332010,Kilauea,14.5,19831129,19831129,"-155.287,19.421",241
E3WebApp_Emissions.fid-285b36de_1728a7c6504_-496a,332010,Kilauea,51.8,19840130,19840214,"-155.287,19.421",242
E3WebApp_Emissions.fid-285b36de_1728a7c6504_-4969,332010,Kilauea,13.5,19840304,19840304,"-155.287,19.421",243
E3WebApp_Emissions.fid-285b36de_1728a7c6504_-4968,332010,Kilauea,29.8,19840418,19840418,"-155.287,19.421",244
E3WebApp_Emissions.fid-285b36de_1728a7c6504_-4967,332010,Kilauea,30.2,19840607,19840607,"-155.287,19.421",245
E3WebApp_Emissions.fid-285b36de_1728a7c6504_-4966,332010,Kilauea,80.8,19840630,19840708,"-155.287,19.421",246
E3WebApp_Emissions.fid-285b36de_1728a7c6504_-4965,332010,Kilauea,29.8,19840728,19840728,"-155.287,19.421",247
E3WebApp_Emissions.fid-285b36de_1728a7c6504_-4964,332010,Kilauea,45.9,19840819,19840819,"-155.287,19.421",248
E3WebApp_Emissions.fid-285b36de_1728a7c6504_-4963,332010,Kilauea,37.9,19840919,19840919,"-155.287,19.421",249
E3WebApp_Emissions.fid-285b36de_1728a7c6504_-4962,332010,Kilauea,15.2,19841102,19841102,"-155.287,19.421",250
E3WebApp_Emissions.fid-285b36de_1728a7c6504_-4961,332010,Kilauea,124.1,19841119,19841203,"-155.287,19.421",251
E3WebApp_Emissions.fid-285b36de_1728a7c6504_-4960,332010,Kilauea,47.9,19850103,19850103,"-155.287,19.421",252
E3WebApp_Emissions.fid-285b36de_1728a7c6504_-495f,332010,Kilauea,48.5,19850204,19850204,"-155.287,19.421",253
E3WebApp_Emissions.fid-285b36de_1728a7c6504_-495e,332010,Kilauea,72.7,19850421,19850421,"-155.287,19.421",254
E3WebApp_Emissions.fid-285b36de_1728a7c6504_-495d,332010,Kilauea,30.8,19850612,19850612,"-155.287,19.421",255
E3WebApp_Emissions.fid-285b36de_1728a7c6504_-495c,332010,Kilauea,33.1,19850706,19850706,"-155.287,19.421",256
E3WebApp_Emissions.fid-285b36de_1728a7c6504_-495b,332010,Kilauea,17.9,19850726,19850726,"-155.287,19.421",257
E3WebApp_Emissions.fid-285b36de_1728a7c6504_-495a,332010,Kilauea,57.7,19850902,19850902,"-155.287,19.421",258
E3WebApp_Emissions.fid-285b36de_1728a7c6504_-4959,332010,Kilauea,35.3,19850924,19850924,"-155.287,19.421",259
E3WebApp_Emissions.fid-285b36de_1728a7c6504_-4958,332010,Kilauea,23.9,19851021,19851021,"-155.287,19.421",260
E3WebApp_Emissions.fid-285b36de_1728a7c6504_-4957,332010,Kilauea,11,19851113,19851113,"-155.287,19.421",261
E3WebApp_Emissions.fid-285b36de_1728a7c6504_-4956,332010,Kilauea,7.9,19860101,19860101,"-155.287,19.421",262
E3WebApp_Emissions.fid-285b36de_1728a7c6504_-4955,332010,Kilauea,25,19860127,19860127,"-155.287,19.421",263
E3WebApp_Emissions.fid-285b36de_1728a7c6504_-4954,332010,Kilauea,37.4,19860222,19860222,"-155.287,19.421",264
E3WebApp_Emissions.fid-285b36de_1728a7c6504_-4953,332010,Kilauea,5.4,19860322,19860322,"-155.287,19.421",265
E3WebApp_Emissions.fid-285b36de_1728a7c6504_-4952,332010,Kilauea,24.2,19860413,19860413,"-155.287,19.421",266
E3WebApp_Emissions.fid-285b36de_1728a7c6504_-4951,332010,Kilauea,36.2,19860507,19860507,"-155.287,19.421",267
E3WebApp_Emissions.fid-285b36de_1728a7c6504_-4950,332010,Kilauea,48,19860602,19860602,"-155.287,19.421",268
E3WebApp_Emissions.fid-285b36de_1728a7c6504_-494f,332010,Kilauea,37.2,19860626,19860626,"-155.287,19.421",269
E3WebApp_Emissions.fid-285b36de_1728a7c6504_-494e,332020,Mauna Loa,1197,19840325,19840325,"-155.608,19.475",270
E3WebApp_Emissions.fid-285b36de_1728a7c6504_-494d,341090,Popocatepetl,7,19970703,19970703,"-98.622,19.023",271
E3WebApp_Emissions.fid-285b36de_1728a7c6504_-494c,341090,Popocatepetl,10,19981125,19981125,"-98.622,19.023",272
E3WebApp_Emissions.fid-285b36de_1728a7c6504_-494b,341090,Popocatepetl,49,20001215,20001219,"-98.622,19.023",273
E3WebApp_Emissions.fid-285b36de_1728a7c6504_-494a,341090,Popocatepetl,17,20010123,20010123,"-98.622,19.023",274
E3WebApp_Emissions.fid-285b36de_1728a7c6504_-4949,341090,Popocatepetl,4,20010429,20010429,"-98.622,19.023",275
E3WebApp_Emissions.fid-285b36de_1728a7c6504_-4948,341120,"Chichon, El",8090,19820329,19820404,"-93.228,17.36",276
E3WebApp_Emissions.fid-285b36de_1728a7c6504_-4947,342090,Fuego,1,20051227,20051227,"-90.88,14.473",277
E3WebApp_Emissions.fid-285b36de_1728a7c6504_-4946,342090,Fuego,2,20070315,20070315,"-90.88,14.473",278
E3WebApp_Emissions.fid-285b36de_1728a7c6504_-4945,342090,Fuego,2,20070701,20070701,"-90.88,14.473",279
E3WebApp_Emissions.fid-285b36de_1728a7c6504_-4944,342090,Fuego,2,20071215,20071215,"-90.88,14.473",280
E3WebApp_Emissions.fid-285b36de_1728a7c6504_-4943,342090,Fuego,2,20120913,20120913,"-90.88,14.473",281
E3WebApp_Emissions.fid-285b36de_1728a7c6504_-4942,342090,Fuego,2,20150207,20150207,"-90.88,14.473",282
E3WebApp_Emissions.fid-285b36de_1728a7c6504_-4941,342090,Fuego,2,20160104,20160120,"-90.88,14.473",283
E3WebApp_Emissions.fid-285b36de_1728a7c6504_-4940,342090,Fuego,1,20160210,20160210,"-90.88,14.473",284
E3WebApp_Emissions.fid-285b36de_1728a7c6504_-493f,342110,Pacaya,1,19890309,19890309,"-90.601,14.382",285
E3WebApp_Emissions.fid-285b36de_1728a7c6504_-493e,342110,Pacaya,23,20100528,20100528,"-90.601,14.382",286
E3WebApp_Emissions.fid-285b36de_1728a7c6504_-493d,342110,Pacaya,2,20140302,20140302,"-90.601,14.382",287
E3WebApp_Emissions.fid-285b36de_1728a7c6504_-493c,343020,Santa Ana,12,20051001,20051001,"-89.63,13.853",288
E3WebApp_Emissions.fid-285b36de_1728a7c6504_-493b,343100,San Miguel,5,20131229,20131229,"-88.269,13.434",289
E3WebApp_Emissions.fid-285b36de_1728a7c6504_-493a,344020,San Cristobal,5,20120908,20120908,"-87.004,12.702",290
E3WebApp_Emissions.fid-285b36de_1728a7c6504_-4939,344020,San Cristobal,1,20121226,20121226,"-87.004,12.702",291
E3WebApp_Emissions.fid-285b36de_1728a7c6504_-4938,344040,Telica,1,20151122,20151122,"-86.84,12.606",292
E3WebApp_Emissions.fid-285b36de_1728a7c6504_-4937,344070,"Negro, Cerro",10,19920409,19920409,"-86.702,12.506",293
E3WebApp_Emissions.fid-285b36de_1728a7c6504_-4936,344090,Momotombo,1.5,20151202,20151202,"-86.539,12.423",294
E3WebApp_Emissions.fid-285b36de_1728a7c6504_-4935,345070,Turrialba,3,20141030,20141030,"-83.767,10.025",295
E3WebApp_Emissions.fid-285b36de_1728a7c6504_-4934,351020,"Ruiz, Nevado del",90,19850912,19850912,"-75.324,4.892",296
E3WebApp_Emissions.fid-285b36de_1728a7c6504_-4933,351020,"Ruiz, Nevado del",660,19851114,19851114,"-75.324,4.892",297
E3WebApp_Emissions.fid-285b36de_1728a7c6504_-4932,351020,"Ruiz, Nevado del",12,19890901,19890901,"-75.324,4.892",298
E3WebApp_Emissions.fid-285b36de_1728a7c6504_-4931,351080,Galeras,3,20040812,20040812,"-77.37,1.22",299
E3WebApp_Emissions.fid-285b36de_1728a7c6504_-4930,352010,Reventador,84,20021103,20021103,"-77.656,-0.077",300
E3WebApp_Emissions.fid-285b36de_1728a7c6504_-492f,352050,Cotopaxi,20,20150814,20150814,"-78.436,-0.677",301
E3WebApp_Emissions.fid-285b36de_1728a7c6504_-492e,352080,Tungurahua,6,19991116,19991116,"-78.442,-1.467",302
E3WebApp_Emissions.fid-285b36de_1728a7c6504_-492d,352080,Tungurahua,32,20010806,20010806,"-78.442,-1.467",303
E3WebApp_Emissions.fid-285b36de_1728a7c6504_-492c,352080,Tungurahua,12,20030308,20030308,"-78.442,-1.467",304
E3WebApp_Emissions.fid-285b36de_1728a7c6504_-492b,352080,Tungurahua,10,20060715,20060715,"-78.442,-1.467",305
E3WebApp_Emissions.fid-285b36de_1728a7c6504_-492a,352080,Tungurahua,30,20060816,20060816,"-78.442,-1.467",306
E3WebApp_Emissions.fid-285b36de_1728a7c6504_-4929,353010,Fernandina,290,19840331,19840331,"-91.55,-0.37",307
E3WebApp_Emissions.fid-285b36de_1728a7c6504_-4928,353010,Fernandina,280,19880914,19880914,"-91.55,-0.37",308
E3WebApp_Emissions.fid-285b36de_1728a7c6504_-4927,353010,Fernandina,580,19910420,19910420,"-91.55,-0.37",309
E3WebApp_Emissions.fid-285b36de_1728a7c6504_-4926,353010,Fernandina,150,20050513,20050513,"-91.55,-0.37",310
E3WebApp_Emissions.fid-285b36de_1728a7c6504_-4925,353010,Fernandina,521,20090411,20090411,"-91.55,-0.37",311
E3WebApp_Emissions.fid-285b36de_1728a7c6504_-4924,353020,Wolf,1080,19820829,19820829,"-91.35,0.02",312
E3WebApp_Emissions.fid-285b36de_1728a7c6504_-4923,353020,Wolf,200,20150525,20150525,"-91.35,0.02",313
E3WebApp_Emissions.fid-285b36de_1728a7c6504_-4922,353050,"Negra, Sierra",2524,19791113,19791113,"-91.17,-0.83",314
E3WebApp_Emissions.fid-285b36de_1728a7c6504_-4921,353050,"Negra, Sierra",1928,20051023,20051023,"-91.17,-0.83",315
E3WebApp_Emissions.fid-285b36de_1728a7c6504_-4920,353060,"Azul, Cerro",358,19790201,19790201,"-91.408,-0.92",316
E3WebApp_Emissions.fid-285b36de_1728a7c6504_-491f,353060,"Azul, Cerro",714,19980915,19980915,"-91.408,-0.92",317
E3WebApp_Emissions.fid-285b36de_1728a7c6504_-491e,353060,"Azul, Cerro",157,20080530,20080530,"-91.408,-0.92",318
E3WebApp_Emissions.fid-285b36de_1728a7c6504_-491d,353080,Marchena,200,19910926,19910926,"-90.47,0.33",319
E3WebApp_Emissions.fid-285b36de_1728a7c6504_-491c,355100,Lascar,450,19930419,19930419,"-67.73,-23.37",320
E3WebApp_Emissions.fid-285b36de_1728a7c6504_-491b,355100,Lascar,3,20050504,20050504,"-67.73,-23.37",321
E3WebApp_Emissions.fid-285b36de_1728a7c6504_-491a,355100,Lascar,2,20060418,20060418,"-67.73,-23.37",322
E3WebApp_Emissions.fid-285b36de_1728a7c6504_-4919,357040,Planchon-Peteroa,1,20110502,20110502,"-70.568,-35.223",323
E3WebApp_Emissions.fid-285b36de_1728a7c6504_-4918,357090,Copahue,500,20121222,20121222,"-71.183,-37.856",324
E3WebApp_Emissions.fid-285b36de_1728a7c6504_-4917,357100,Lonquimay,10,19890112,19890112,"-71.586,-38.379",325
E3WebApp_Emissions.fid-285b36de_1728a7c6504_-4916,357110,Llaima,30,20080101,20080101,"-71.729,-38.692",326
E3WebApp_Emissions.fid-285b36de_1728a7c6504_-4915,357110,Llaima,10,20090403,20090403,"-71.729,-38.692",327
E3WebApp_Emissions.fid-285b36de_1728a7c6504_-4914,357120,Villarrica,5,20150303,20150303,"-71.93,-39.42",328
E3WebApp_Emissions.fid-285b36de_1728a7c6504_-4913,357150,Puyehue-Cordon Caulle,200,20110604,20110604,"-72.117,-40.59",329
E3WebApp_Emissions.fid-285b36de_1728a7c6504_-4912,358020,Calbuco,400,20150422,20150422,"-72.618,-41.33",330
E3WebApp_Emissions.fid-285b36de_1728a7c6504_-4911,358041,Chaiten,14,20080502,20080508,"-72.646,-42.833",331
E3WebApp_Emissions.fid-285b36de_1728a7c6504_-4910,358057,"Hudson, Cerro",4000,19910809,19910815,"-72.97,-45.9",332
E3WebApp_Emissions.fid-285b36de_1728a7c6504_-490f,358057,"Hudson, Cerro",1,20111026,20111026,"-72.97,-45.9",333
E3WebApp_Emissions.fid-285b36de_1728a7c6504_-490e,360050,Soufriere Hills,31,19971226,19971226,"-62.18,16.72",334
E3WebApp_Emissions.fid-285b36de_1728a7c6504_-490d,360050,Soufriere Hills,2,19980703,19980703,"-62.18,16.72",335
E3WebApp_Emissions.fid-285b36de_1728a7c6504_-490c,360050,Soufriere Hills,9,19981112,19981112,"-62.18,16.72",336
E3WebApp_Emissions.fid-285b36de_1728a7c6504_-490b,360050,Soufriere Hills,16,19990720,19990720,"-62.18,16.72",337
E3WebApp_Emissions.fid-285b36de_1728a7c6504_-490a,360050,Soufriere Hills,3.4,20000320,20000320,"-62.18,16.72",338
E3WebApp_Emissions.fid-285b36de_1728a7c6504_-4909,360050,Soufriere Hills,33,20010730,20010730,"-62.18,16.72",339
E3WebApp_Emissions.fid-285b36de_1728a7c6504_-4908,360050,Soufriere Hills,100,20030713,20030713,"-62.18,16.72",340
E3WebApp_Emissions.fid-285b36de_1728a7c6504_-4907,360050,Soufriere Hills,5,20040303,20040303,"-62.18,16.72",341
E3WebApp_Emissions.fid-285b36de_1728a7c6504_-4906,360050,Soufriere Hills,8,20050628,20050718,"-62.18,16.72",342
E3WebApp_Emissions.fid-285b36de_1728a7c6504_-4905,360050,Soufriere Hills,200,20060520,20060520,"-62.18,16.72",343
E3WebApp_Emissions.fid-285b36de_1728a7c6504_-4904,360050,Soufriere Hills,1,20070108,20070108,"-62.18,16.72",344
E3WebApp_Emissions.fid-285b36de_1728a7c6504_-4903,360050,Soufriere Hills,3,20080729,20080729,"-62.18,16.72",345
E3WebApp_Emissions.fid-285b36de_1728a7c6504_-4902,360050,Soufriere Hills,5,20081203,20081203,"-62.18,16.72",346
E3WebApp_Emissions.fid-285b36de_1728a7c6504_-4901,360050,Soufriere Hills,8,20090103,20090103,"-62.18,16.72",347
E3WebApp_Emissions.fid-285b36de_1728a7c6504_-4900,360050,Soufriere Hills,30,20100212,20100212,"-62.18,16.72",348
E3WebApp_Emissions.fid-285b36de_1728a7c6504_-48ff,360150,Soufriere St. Vincent,3,19790413,19790413,"-61.18,13.33",349
E3WebApp_Emissions.fid-285b36de_1728a7c6504_-48fe,372020,Eyjafjallajokull,466,20100414,20100414,"-19.633,63.633",350
E3WebApp_Emissions.fid-285b36de_1728a7c6504_-48fd,372070,Hekla,460,19800818,19800818,"-19.666,63.983",351
E3WebApp_Emissions.fid-285b36de_1728a7c6504_-48fc,372070,Hekla,10,19810409,19810409,"-19.666,63.983",352
E3WebApp_Emissions.fid-285b36de_1728a7c6504_-48fb,372070,Hekla,230,19910120,19910120,"-19.666,63.983",353
E3WebApp_Emissions.fid-285b36de_1728a7c6504_-48fa,372070,Hekla,183,20000226,20000226,"-19.666,63.983",354
E3WebApp_Emissions.fid-285b36de_1728a7c6504_-48f9,373010,Grimsvotn,10,19830529,19830529,"-17.316,64.416",355
E3WebApp_Emissions.fid-285b36de_1728a7c6504_-48f8,373010,Grimsvotn,10,19961002,19961002,"-17.316,64.416",356
E3WebApp_Emissions.fid-285b36de_1728a7c6504_-48f7,373010,Grimsvotn,30,20041102,20041102,"-17.316,64.416",357
E3WebApp_Emissions.fid-285b36de_1728a7c6504_-48f6,373010,Grimsvotn,300,20110521,20110521,"-17.316,64.416",358
E3WebApp_Emissions.fid-285b36de_1728a7c6504_-48f5,373030,Bardarbunga,11800,20140831,20140831,"-17.516,64.633",359
E3WebApp_Emissions.fid-285b36de_1728a7c6504_-48f4,373080,Krafla,250,19800711,19800711,"-16.728,65.715",360
E3WebApp_Emissions.fid-285b36de_1728a7c6504_-48f3,373080,Krafla,60,19801019,19801019,"-16.728,65.715",361
E3WebApp_Emissions.fid-285b36de_1728a7c6504_-48f2,373080,Krafla,375,19840905,19840905,"-16.728,65.715",362
E3WebApp_Emissions.fid-285b36de_1728a7c6504_-48f1,384010,Fogo,382,20141123,20141123,"-24.35,14.95",363
